{
    "hosting:settings": {
        "https:enabled": false,
        "https:port": 8080,
        "http:port": 80,
        "cookie:maxage": 86400000,
        "ssl:path": {
            "ssl:key": "./cert/generated.key",
            "ssl:cert": "./cert/generated.crt"
        }
    },
    "overlay:settings": {
        "color:scheme": [
            { "type": "Tornado Emergency", "color": { "light": "rgb(209,38,215)", "dark": "rgb(159,37,163)" }},
            { "type": "Particularly Dangerous Situation", "color": { "light": "rgb(214,56,54)", "dark": "rgb(163,25,25)" }},
            { "type": "Hurricane Warning", "color": { "light": "rgb(249,56,54)", "dark": "rgb(203,25,25)" }},
            { "type": "Tornado Warning", "color": { "light": "rgb(249,56,54)", "dark": "rgb(203,25,25)" }},
            { "type": "Flash Flood Emergency", "color": { "light": "rgb(249,56,54)", "dark": "rgb(203,25,25)" }},
            { "type": "Snow Squall Warning", "color": { "light": "rgb(249,56,54)", "dark": "rgb(203,25,25)" }},
            { "type": "Severe Thunderstorm Warning", "color": { "light": "rgb(248,160,42)", "dark": "rgb(248,106,42)" }},
            { "type": "Flash Flood Warning", "color": { "light": "rgb(102,209,60)", "dark": "rgb(73,155,40)" }},
            { "type": "Special Marine Warning", "color": { "light": "rgb(42,81,224)", "dark": "rgb(28,61,181)" }}
        ]
    },
    "application:api": {
        "primary:api": {
            "nws:api": {
                "nws:enable": true,
                "nws:cachetime": 29,
                "nws:api": "https://api.weather.gov/alerts/active",
                "nws:state": "",
                "nws:forecastoffice": [],
                "nws:same": [],
                "nws:zone": []
            },
            "allisonhouse:warnings": {
                "allisonhouse:warnings:enable": false,
                "allisonhouse:warnings:cachetime": 29,
                "allisonhouse:warnings:api": "https://warnings.allisonhouse.com"
            },
            "cod:warnings": {
                "cod:warnings:enable": false,
                "cod:warnings:cachetime": 29,
                "cod:warnings:api": "https://warnings.cod.edu"
            }
        },
        "misc:api": {
            "lsr:reports": {
                "lsr:reports:enable": false,
                "lsr:reports:state": "",
                "lsr:reports:hours": 1,
                "lsr:reports:cachetime": 1799,
                "lsr:reports:api": "https://mesonet.agron.iastate.edu/geojson/lsr.geojson?"
            },
            "mPing:reports": {
                "mPing:reports:enable": false,
                "mPing:reports:cachetime": 1799,
                "mPing:reports:api": "https://placefilenation.com/Placefiles/mping_60min.php"
            },
            "grlevelx:reports": {
                "grlevelx:reports:enable": true,
                "grlevelx:reports:cachetime": 1799,
                "grlevelx:reports:api": "https://www.grlevelx.com/lsr/lsr_latest.txt"
            },
            "spotternetwork:members": {
                "spotternetwork:members:enable": true,
                "spotternetwork:members:cachetime": 29,
                "spotternetwork:members:api": "https://www.spotternetwork.org/feeds/gr.txt",
                "spotternetwork:tracking": "SPOTTER_NAME_HERE"
            },
            "radar:layer": {
                "radar:layer:enable": true,
                "radar:layer:api": "https://mesonet.agron.iastate.edu/cache/tile.py/1.0.0/nexrad-n0q-900913/{z}/{x}/{y}.png"
            },
            "spc:meoscale:convective:disscussion": {
                "spc:meoscale:convective:disscussion:enable": true,
                "spc:meoscale:convective:disscussion:cachetime": 119,
                "spc:meoscale:convective:disscussion:api": "https://placefilenation.com/Placefiles/mcd.php"
            },
            "lightning:reports": {
                "lightning:reports:enable": true,
                "lightning:reports:cachetime": 119,
                "lightning:reports:api": "https://placefilenation.com/Placefiles/20lightning.php"
            }
        }
    },
    "application:information": {
        "application:location": "County, ST",
        "application:timezone": "America/Chicago",
        "application:12hour": false,
        "application:useragent": "AtmosphericX/v6.0.0"
    },
     "request:settings": {
        "request:refresh_synced": 30,
        "request:query_sycned": 10,
        "request:outbreakmode": true,
        "request:outbreakalerts": ["Flash Flood Watch","Severe Thunderstorm Watch","Tornado Watch","Special Marine Warning","Flash Flood Warning","Severe Thunderstorm Warning","Tornado Warning","Snow Squall Warning","Earthquake Warning","Hurricane Warning", "Hurricane Watch"],
        "request:allalerts": ["Tornado Emergency", "Particularly Dangerous Situation", "Destructive Severe Thunderstorm Warning","Confirmed Tornado Warning", "Radar Indicated Tornado Warning", "Flash Flood Emergency", "Flash Flood Watch","Severe Thunderstorm Watch","Tornado Watch","Special Marine Warning","Flash Flood Warning","Severe Thunderstorm Warning","Tornado Warning","Snow Squall Warning","Earthquake Warning","911 Telephone Outage Emergency","Administrative Message","Air Quality Alert","Air Stagnation Advisory","Arroyo And Small Stream Flood Advisory","Ashfall Advisory","Ashfall Warning","Avalanche Advisory","Avalanche Warning","Avalanche Watch","Beach Hazards Statement","Blizzard Warning","Blizzard Watch","Blowing Dust Advisory","Blowing Dust Warning","Brisk Wind Advisory","Child Abduction Emergency","Civil Danger Warning","Civil Emergency Message","Coastal Flood Advisory","Coastal Flood Statement","Coastal Flood Warning","Coastal Flood Watch","Dense Fog Advisory","Dense Smoke Advisory","Dust Advisory","Dust Storm Warning","Earthquake Warning","Evacuation - Immediate","Excessive Heat Warning","Excessive Heat Watch","Extreme Cold Warning","Extreme Cold Watch","Extreme Fire Danger","Extreme Wind Warning","Fire Warning","Fire Weather Watch","Flash Flood Statement","Flash Flood Warning","Flash Flood Watch","Flood Advisory","Flood Statement","Flood Warning","Flood Watch","Freeze Warning","Freeze Watch","Freezing Fog Advisory","Freezing Rain Advisory","Freezing Spray Advisory","Frost Advisory","Gale Warning","Gale Watch","Hard Freeze Warning","Hard Freeze Watch","Hazardous Materials Warning","Hazardous Seas Warning","Hazardous Seas Watch","Hazardous Weather Outlook","Heat Advisory","Heavy Freezing Spray Warning","Heavy Freezing Spray Watch","High Surf Advisory","High Surf Warning","High Wind Warning","High Wind Watch","Hurricane Force Wind Warning","Hurricane Force Wind Watch","Hurricane Local Statement","Hurricane Warning","Hurricane Watch","Hydrologic Advisory","Hydrologic Outlook","Ice Storm Warning","Lake Effect Snow Advisory","Lake Effect Snow Warning","Lake Effect Snow Watch","Lake Wind Advisory","Lakeshore Flood Advisory","Lakeshore Flood Statement","Lakeshore Flood Warning","Lakeshore Flood Watch","Law Enforcement Warning","Local Area Emergency","Low Water Advisory","Marine Weather Statement","Nuclear Power Plant Warning","Radiological Hazard Warning","Red Flag Warning","Rip Current Statement","Severe Thunderstorm Warning","Severe Thunderstorm Watch","Severe Weather Statement","Shelter In Place Warning","Short Term Forecast","Small Craft Advisory","Small Craft Advisory For Hazardous Seas","Small Craft Advisory For Rough Bar","Small Craft Advisory For Winds","Small Stream Flood Advisory","Snow Squall Warning","Special Marine Warning","Special Weather Statement","Storm Surge Warning","Storm Surge Watch","Storm Warning","Storm Watch","Test","Tornado Warning","Tornado Watch","Tropical Depression Local Statement","Tropical Storm Local Statement","Tropical Storm Warning","Tropical Storm Watch","Tsunami Advisory","Tsunami Warning","Tsunami Watch","Typhoon Local Statement","Typhoon Warning","Typhoon Watch","Urban And Small Stream Flood Advisory","Volcano Warning","Wind Advisory","Wind Chill Advisory","Wind Chill Warning","Wind Chill Watch","Winter Storm Warning","Winter Storm Watch","Winter Weather Advisory"],
        "request:beeponly": false,
        "request:updates": true,
        "request:alwaysrun": ["Radar Indicated Tornado Warning", "Confirmed Tornado Warning", "Flash Flood Emergency", "Particularly Dangerous Situation", "Tornado Emergency", "Destructive Severe Thunderstorm Warning"]
    },
    "spc:outlooks": [
        { "day": 1, "title": "Day 1 Categorial Risk", "source": "https://www.spc.noaa.gov/products/outlook/day1otlk.gif" },
        { "day": 2, "title": "Day 2 Categorial Risk", "source": "https://www.spc.noaa.gov/products/outlook/day2otlk.gif" },
        { "day": 3, "title": "Day 3 Categorial Risk", "source": "https://www.spc.noaa.gov/products/outlook/day3otlk.gif" },
        { "day": 1, "title": "Day 1 Tornado Risk",    "source": "https://www.spc.noaa.gov/products/outlook/day1probotlk_torn.gif" },
        { "day": 1, "title": "Day 1 Wind Risk",       "source": "https://www.spc.noaa.gov/products/outlook/day1probotlk_wind.gif" },
        { "day": 1, "title": "Day 1 Hail Risk",       "source": "https://www.spc.noaa.gov/products/outlook/day1probotlk_hail.gif" },
        { "day": 2, "title": "Day 2 Tornado Risk",    "source": "https://www.spc.noaa.gov/products/outlook/day2probotlk_torn.gif" },
        { "day": 2, "title": "Day 2 Wind Risk",       "source": "https://www.spc.noaa.gov/products/outlook/day2probotlk_wind.gif" },
        { "day": 2, "title": "Day 2 Hail Risk",       "source": "https://www.spc.noaa.gov/products/outlook/day2probotlk_hail.gif" }
    ],
    "external:services": [
        { "title": "Live Storm Chasing",    "url": "https://livestormchasing.com/", "image": "/assets/media/dashboard/storm-live-logo.png" },
        { "title": "Mesoscale Analysis",    "url": "https://www.spc.noaa.gov/exper/mesoanalysis/new/viewsector.php?sector=19&parm=pmsl", "image": "/assets/media/dashboard/mesoscale-logo.png" },
        { "title": "Nexlab",                "url": "https://weather.cod.edu/#", "image": "/assets/media/dashboard/nexlab-logo.png" },
        { "title": "GFS Model",             "url": "https://www.tropicaltidbits.com/analysis/models/", "image": "/assets/media/dashboard/tropical-logo.png" },
        { "title": "HRRR Model",            "url": "https://www.tropicaltidbits.com/analysis/models/?model=hrrr", "image": "/assets/media/dashboard/tropical-logov2.png" },
        { "title": "RGEM Model",            "url": "https://www.tropicaltidbits.com/analysis/models/?model=rgem&region=us", "image": "/assets/media/dashboard/tropical-logo.png" },
        { "title": "Hodographs",            "url": "https://www.pivotalweather.com/model.php?p=sbcape_hodo&fh=3", "image": "/assets/media/dashboard/pivotal-weather.png" },
        { "title": "WeatherWise",           "url": "https://web.weatherwise.app", "image": "/assets/media/dashboard/weather-wise.png" }
    ],
    "application:sounds": {
        "application:beep": "/assets/media/audio/tones/beep-tone.mp3",
        "application:eas": "/assets/media/audio/tones/eas-tone.mp3",
        "application:siren": "/assets/media/audio/tones/tore-tone.mp3",
        "application:amber": "/assets/media/audio/tones/amber-tone.mp3"
    },
    "application:banners": {
        "Tornado Warning": "/assets/media/gif/red_box.gif",
        "Radar Indicated Tornado Warning": "/assets/media/gif/red_box.gif",
        "Confirmed Tornado Warning": "/assets/media/gif/red_warning.gif",
        "Tornado Watch": "/assets/media/gif/red_box.gif",
        "Tornado Emergency": "/assets/media/gif/purple_warning.gif",
        "Particularly Dangerous Situation": "/assets/media/gif/red_warning.gif",
        "Severe Thunderstorm Warning": "/assets/media/gif/orange_box.gif",
        "Considerable Destructive Severe Thunderstorm Warning": "/assets/media/gif/orange_box.gif",
        "Destructive Severe Thunderstorm Warning": "/assets/media/gif/red_warning.gif",
        "Severe Thunderstorm Watch": "/assets/media/gif/orange_box.gif",
        "Flash Flood Emergency": "/assets/media/gif/red_warning.gif",
        "Flash Flood Warning": "/assets/media/gif/green_box.gif",
        "Flash Flood Watch": "/assets/media/gif/green_box.gif",
        "Special Marine Warning": "/assets/media/gif/blue_box.gif",
        "Snow Squall Warning": "/assets/media/gif/red_warning.gif",
        "Earthquake Warning": "/assets/media/gif/red_warning.gif",
        "UNK": "/assets/media/gif/red_warning.gif"
    },
    "application:warnings": {
        "Tornado Emergency": {
            "triggered": "Tornado Emergency",
            "new": "/assets/media/audio/tor/tor-upgraded.mp3",
            "update": "/assets/media/audio/tor/tor-updated.mp3",
            "cancel": "/assets/media/audio/tones/beep-tone.mp3",
            "card": "Tornado Emergency",
            "siren": true,
            "eas": false,
            "autobeep": true
        },
        "Particularly Dangerous Situation": {
            "triggered": "Particularly Dangerous Situation",
            "new": "/assets/media/audio/tor/tor-upgraded.mp3",
            "update": "/assets/media/audio/tor/tor-updated.mp3",
            "cancel": "/assets/media/audio/tones/beep-tone.mp3",
            "card": "Particularly Dangerous Situation",
            "siren": false,
            "eas": true,
            "autobeep": true
        },
        "Flash Flood Emergency": {
            "triggered": "Flash Flood Emergency",
            "new": "/assets/media/audio/flood/flash-flood-upgraded.mp3",
            "update": "/assets/media/audio/flood/flash-flood-updated.mp3",
            "cancel": "/assets/media/audio/tones/beep-tone.mp3",
            "card": "Flash Flood Emergency",
            "siren": false,
            "eas": true,
            "autobeep": true
        },
        "Confirmed Tornado Warning": {
            "triggered": "Confirmed Tornado Warning",
            "new": "/assets/media/audio/tor/confirmed-tor-issued.mp3",
            "update": "/assets/media/audio/tor/tor-updated.mp3",
            "cancel": "/assets/media/audio/tones/beep-tone.mp3",
            "card": "Confirmed Tornado Warning",
            "siren": true,
            "eas": false,
            "autobeep": true
        },
        "Destructive Severe Thunderstorm Warning": {
            "triggered": "Destructive Severe Thunderstorm Warning",
            "new": "/assets/media/audio/svr/destructive-severe-issued.mp3",
            "update": "/assets/media/audio/svr/destructive-severe-updated.mp3",
            "cancel": "/assets/media/audio/tones/beep-tone.mp3",
            "card": "Severe Thunderstorm Warning (Destructive)",
            "siren": false,
            "eas": true,
            "autobeep": true
        },
        "Considerable Destructive Severe Thunderstorm Warning": {
            "triggered": "Considerable Destructive Severe Thunderstorm Warning",
            "new": "/assets/media/audio/svr/considerable-severe-issued.mp3",
            "update": "/assets/media/audio/svr/considerable-severe-updated.mp3",
            "cancel": "/assets/media/audio/tones/beep-tone.mp3",
            "card": "Severe Thunderstorm Warning (Considerable)",
            "siren": false,
            "eas": false,
            "autobeep": true
        },
        "Severe Thunderstorm Warning": {
            "triggered": "Severe Thunderstorm Warning",
            "new": "/assets/media/audio/svr/severe-issued.mp3",
            "update": "/assets/media/audio/svr/severe-updated.mp3",
            "cancel": "/assets/media/audio/tones/beep-tone.mp3",
            "card": "Severe Thunderstorm Warning",
            "siren": false,
            "eas": false,
            "autobeep": true
        },
        "Tornado Warning": {
            "triggered": "Tornado Warning",
            "new": "/assets/media/audio/tor/radar-tor-issued.mp3",
            "update": "/assets/media/audio/tor/tor-updated.mp3",
            "cancel": "/assets/media/audio/tones/beep-tone.mp3",
            "card": "Radar Indicated Tornado Warning",
            "siren": false,
            "eas": false,
            "autobeep": true
        },
        "Radar Indicated Tornado Warning": {
            "triggered": "Radar Indicated Tornado Warning",
            "new": "/assets/media/audio/tor/radar-tor-issued.mp3",
            "update": "/assets/media/audio/tor/tor-updated.mp3",
            "cancel": "/assets/media/audio/tones/beep-tone.mp3",
            "card": "Radar Indicated Tornado Warning",
            "siren": false,
            "eas": false,
            "autobeep": true
        },
        "Flash Flood Warning": {
            "triggered": "Flash Flood Warning",
            "new": "/assets/media/audio/flood/flash-flood-issued.mp3",
            "update": "/assets/media/audio/flood/flash-flood-updated.mp3",
            "cancel": "/assets/media/audio/tones/beep-tone.mp3",
            "card": "Flash Flood Warning",
            "siren": false,
            "eas": false,
            "autobeep": true
        },
        "Special Marine Warning": {
            "triggered": "Special Marine Warning",
            "new": "/assets/media/audio/marine/special-marine-issued.mp3",
            "update": "/assets/media/audio/marine/special-marine-updated.mp3",
            "cancel": "/assets/media/audio/tones/beep-tone.mp3",
            "card": "Special Marine Warning",
            "siren": false,
            "eas": false,
            "autobeep": true
        },
        "Snow Squall Warning": {
            "triggered": "Snow Squall Warning",
            "new": "/assets/media/audio/snowsq/snow-squall-issued.mp3",
            "update": "/assets/media/audio/snowsq/snow-squall-updated.mp3",
            "cancel": "/assets/media/audio/tones/beep-tone.mp3",
            "card": "Snow Squall Warning",
            "siren": false,
            "eas": false,
            "autobeep": true
        },
        "Flash Flood Watch": {
            "triggered": "Flash Flood Watch",
            "new": "/assets/media/audio/tones/beep-tone.mp3",
            "update": "/assets/media/audio/tones/beep-tone.mp3",
            "cancel": "/assets/media/audio/tones/beep-tone.mp3",
            "card": "Flash Flood Watch",
            "siren": false,
            "eas": false,
            "autobeep": false
        },
        "Severe Thunderstorm Watch": {
            "triggered": "Severe Thunderstorm Watch",
            "new": "/assets/media/audio/tones/beep-tone.mp3",
            "update": "/assets/media/audio/tones/beep-tone.mp3",
            "cancel": "/assets/media/audio/tones/beep-tone.mp3",
            "card": "Severe Thunderstorm Watch",
            "siren": false,
            "eas": false,
            "autobeep": false
        },
        "Tornado Watch": {
            "triggered": "Tornado Watch",
            "new": "/assets/media/audio/tones/beep-tone.mp3",
            "update": "/assets/media/audio/tones/beep-tone.mp3",
            "cancel": "/assets/media/audio/tones/beep-tone.mp3",
            "card": "Tornado Watch",
            "siren": false,
            "eas": false,
            "autobeep": false
        },
        "Earthquake Warning": {
            "triggered": "Earthquake Warning",
            "new": "/assets/media/audio/tones/beep-tone.mp3",
            "update": "/assets/media/audio/tones/beep-tone.mp3",
            "cancel": "/assets/media/audio/tones/beep-tone.mp3",
            "card": "Earthquake Warning",
            "siren": false,
            "eas": false,
            "autobeep": true
        },
        "UNK": {
            "triggered": "Unknown Event",
            "new": "/assets/media/audio/unk/unk-issued.mp3",
            "update": "/assets/media/audio/unk/unk-updated.mp3",
            "cancel": "/assets/media/audio/tones/beep-tone.mp3",
            "card": "Unknown Event",
            "siren": false,
            "eas": false,
            "autobeep": false
        }
    },
    "application:states": [
        {"name": "Alabama", "abbreviation": "AL"},
        {"name": "Alaska", "abbreviation": "AK"},
        {"name": "Arizona", "abbreviation": "AZ"},
        {"name": "Arkansas", "abbreviation": "AR"},
        {"name": "California", "abbreviation": "CA"},
        {"name": "Colorado", "abbreviation": "CO"},
        {"name": "Connecticut", "abbreviation": "CT"},
        {"name": "Delaware", "abbreviation": "DE"},
        {"name": "Florida", "abbreviation": "FL"},
        {"name": "Georgia", "abbreviation": "GA"},
        {"name": "Hawaii", "abbreviation": "HI"},
        {"name": "Idaho", "abbreviation": "ID"},
        {"name": "Illinois", "abbreviation": "IL"},
        {"name": "Indiana", "abbreviation": "IN"},
        {"name": "Iowa", "abbreviation": "IA"},
        {"name": "Kansas", "abbreviation": "KS"},
        {"name": "Kentucky", "abbreviation": "KY"},
        {"name": "Louisiana", "abbreviation": "LA"},
        {"name": "Maine", "abbreviation": "ME"},
        {"name": "Maryland", "abbreviation": "MD"},
        {"name": "Massachusetts", "abbreviation": "MA"},
        {"name": "Michigan", "abbreviation": "MI"},
        {"name": "Minnesota", "abbreviation": "MN"},
        {"name": "Mississippi", "abbreviation": "MS"},
        {"name": "Missouri", "abbreviation": "MO"},
        {"name": "Montana", "abbreviation": "MT"},
        {"name": "Nebraska", "abbreviation": "NE"},
        {"name": "Nevada", "abbreviation": "NV"},
        {"name": "New Hampshire", "abbreviation": "NH"},
        {"name": "New Jersey", "abbreviation": "NJ"},
        {"name": "New Mexico", "abbreviation": "NM"},
        {"name": "New York", "abbreviation": "NY"},
        {"name": "North Carolina", "abbreviation": "NC"},
        {"name": "North Dakota", "abbreviation": "ND"},
        {"name": "Ohio", "abbreviation": "OH"},
        {"name": "Oklahoma", "abbreviation": "OK"},
        {"name": "Oregon", "abbreviation": "OR"},
        {"name": "Pennsylvania", "abbreviation": "PA"},
        {"name": "Rhode Island", "abbreviation": "RI"},
        {"name": "South Carolina", "abbreviation": "SC"},
        {"name": "South Dakota", "abbreviation": "SD"},
        {"name": "Tennessee", "abbreviation": "TN"},
        {"name": "Texas", "abbreviation": "TX"},
        {"name": "Utah", "abbreviation": "UT"},
        {"name": "Vermont", "abbreviation": "VT"},
        {"name": "Virginia", "abbreviation": "VA"},
        {"name": "Washington", "abbreviation": "WA"},
        {"name": "West Virginia", "abbreviation": "WV"},
        {"name": "Wisconsin", "abbreviation": "WI"},
        {"name": "Wyoming", "abbreviation": "WY"},
        {"name": "Other", "abbreviation": "Other"}
    ]
}
